Comando;Nome italiano;Categoria;Origine;Protezione;Audit automatico 2.0;Collaudo nativo individuale documentato;Note
AG_CONTABLOCCHI;Conteggia blocchi;Blocchi e attributi;Core;cti2:esegui-comando;PASS;Non identificato nel riscontro ricevuto;"Campione positivo riferito dall’autore; nessun elenco individuale. Non equivale a un esito negativo."
AG_SCALABLOCCHI;Scala blocchi;Blocchi e attributi;Core;cti2:esegui-comando;PASS;Non identificato nel riscontro ricevuto;"Campione positivo riferito dall’autore; nessun elenco individuale. Non equivale a un esito negativo."
AG_INFOBLOCCO;Info blocco;Blocchi e attributi;Core;cti2:esegui-comando;PASS;Non identificato nel riscontro ricevuto;"Campione positivo riferito dall’autore; nessun elenco individuale. Non equivale a un esito negativo."
AG_SOSTITUISCIBLOCCO;Sostituisci blocco;Blocchi e attributi;Core;cti2:esegui-comando;PASS;Non identificato nel riscontro ricevuto;"Campione positivo riferito dall’autore; nessun elenco individuale. Non equivale a un esito negativo."
AG_BLOCCOXRIF;Blocco in xrif;Blocchi e attributi;Core;cti2:esegui-comando;PASS;Non identificato nel riscontro ricevuto;"Campione positivo riferito dall’autore; nessun elenco individuale. Non equivale a un esito negativo."
AG_ESPLODIBLOCCO;Esplodi blocco;Blocchi e attributi;Core;cti2:esegui-comando;PASS;Non identificato nel riscontro ricevuto;"Campione positivo riferito dall’autore; nessun elenco individuale. Non equivale a un esito negativo."
AG_ATTRIBUTOGLOBALE;Attributo globale;Dati e scambio;Core;cti2:esegui-comando;PASS;Non identificato nel riscontro ricevuto;"Campione positivo riferito dall’autore; nessun elenco individuale. Non equivale a un esito negativo."
AG_CONTORNATESTO;Contorna testo;Testo;Core;cti2:esegui-comando;PASS;Non identificato nel riscontro ricevuto;"Campione positivo riferito dall’autore; nessun elenco individuale. Non equivale a un esito negativo."
AG_CAMBIACASO;Maiuscole/minuscole;Testo;Core;cti2:esegui-comando;PASS;Non identificato nel riscontro ricevuto;"Campione positivo riferito dall’autore; nessun elenco individuale. Non equivale a un esito negativo."
AG_NUMERATESTI;Numera testi;Testo;Core;cti2:esegui-comando;PASS;Non identificato nel riscontro ricevuto;"Campione positivo riferito dall’autore; nessun elenco individuale. Non equivale a un esito negativo."
AG_ADATTATESTO;Adatta testo;Testo;Core;cti2:esegui-comando;PASS;Non identificato nel riscontro ricevuto;"Campione positivo riferito dall’autore; nessun elenco individuale. Non equivale a un esito negativo."
AG_GIUSTIFICATESTO;Giustifica testo;Testo;Core;cti2:esegui-comando;PASS;Non identificato nel riscontro ricevuto;"Campione positivo riferito dall’autore; nessun elenco individuale. Non equivale a un esito negativo."
AG_ORIENTATESTO;Orienta testo;Testo;Core;cti2:esegui-comando;PASS;Non identificato nel riscontro ricevuto;"Campione positivo riferito dall’autore; nessun elenco individuale. Non equivale a un esito negativo."
AG_SCALATESTO;Scala testo;Testo;Core;cti2:esegui-comando;PASS;Non identificato nel riscontro ricevuto;"Campione positivo riferito dall’autore; nessun elenco individuale. Non equivale a un esito negativo."
AG_LISTADATIESTESI;Lista XDATA;Dati e scambio;Core;cti2:esegui-comando;PASS;Non identificato nel riscontro ricevuto;"Campione positivo riferito dall’autore; nessun elenco individuale. Non equivale a un esito negativo."
AG_DATIESTESI;Gestisci XDATA;Dati e scambio;Core;cti2:esegui-comando;PASS;Non identificato nel riscontro ricevuto;"Campione positivo riferito dall’autore; nessun elenco individuale. Non equivale a un esito negativo."
AG_MOSTRAURL;Mostra URL;Dati e scambio;Core;cti2:esegui-comando;PASS;Non identificato nel riscontro ricevuto;"Campione positivo riferito dall’autore; nessun elenco individuale. Non equivale a un esito negativo."
AG_CAMBIAURL;Modifica URL;Dati e scambio;Core;cti2:esegui-comando;PASS;Non identificato nel riscontro ricevuto;"Campione positivo riferito dall’autore; nessun elenco individuale. Non equivale a un esito negativo."
AG_SOSTITUISCIURL;Sostituisci URL;Dati e scambio;Core;cti2:esegui-comando;PASS;Non identificato nel riscontro ricevuto;"Campione positivo riferito dall’autore; nessun elenco individuale. Non equivale a un esito negativo."
AG_PRENDISELEZIONE;Selezione layer/tipo;Controllo e selezione;Core;cti2:esegui-comando;PASS;Non identificato nel riscontro ricevuto;"Campione positivo riferito dall’autore; nessun elenco individuale. Non equivale a un esito negativo."
AG_SELEZIONEFILTRO;Selezione filtro;Controllo e selezione;Core;cti2:esegui-comando;PASS;Non identificato nel riscontro ricevuto;"Campione positivo riferito dall’autore; nessun elenco individuale. Non equivale a un esito negativo."
AG_SELEZIONECONTATTO;Seleziona a contatto;Controllo e selezione;Core;cti2:esegui-comando;PASS;Non identificato nel riscontro ricevuto;"Campione positivo riferito dall’autore; nessun elenco individuale. Non equivale a un esito negativo."
AG_MODALITACONTATTO;Modalità contatto;Controllo e selezione;Core;cti2:esegui-comando;PASS;Non identificato nel riscontro ricevuto;"Campione positivo riferito dall’autore; nessun elenco individuale. Non equivale a un esito negativo."
AG_SELEZIONERAPIDA;Selezione rapida;Controllo e selezione;Core;cti2:esegui-comando;PASS;Non identificato nel riscontro ricevuto;"Campione positivo riferito dall’autore; nessun elenco individuale. Non equivale a un esito negativo."
AG_LISTAXRIF;Lista nidificato;Blocchi e attributi;Core;cti2:esegui-comando;PASS;Non identificato nel riscontro ricevuto;"Campione positivo riferito dall’autore; nessun elenco individuale. Non equivale a un esito negativo."
AG_SCALAVISTA;Scala finestra;Layout e stampa;Core;cti2:esegui-comando;PASS;Non identificato nel riscontro ricevuto;"Campione positivo riferito dall’autore; nessun elenco individuale. Non equivale a un esito negativo."
AG_CORNICIRASTER;Cornici raster;Immagini;Core;cti2:esegui-comando;PASS;Non identificato nel riscontro ricevuto;"Campione positivo riferito dall’autore; nessun elenco individuale. Non equivale a un esito negativo."
AG_ORDINACOLORI;Ordina per colore;Layer e proprietà;Core;cti2:esegui-comando;PASS;Non identificato nel riscontro ricevuto;"Campione positivo riferito dall’autore; nessun elenco individuale. Non equivale a un esito negativo."
AG_SALVATUTTO;Salva tutto;File e sistema;Core;cti2:esegui-comando;PASS;Non identificato nel riscontro ricevuto;"Campione positivo riferito dall’autore; nessun elenco individuale. Non equivale a un esito negativo."
AG_INFOCAD;Info CAD;File e sistema;Core;cti2:esegui-comando;PASS;Non identificato nel riscontro ricevuto;"Campione positivo riferito dall’autore; nessun elenco individuale. Non equivale a un esito negativo."
AG_DATAORA;Data e ora;File e sistema;Core;cti2:esegui-comando;PASS;Non identificato nel riscontro ricevuto;"Campione positivo riferito dall’autore; nessun elenco individuale. Non equivale a un esito negativo."
AG_COPIAMULTIPLA;Copia multipla;Modifica;Core;cti2:esegui-comando;PASS;Non identificato nel riscontro ricevuto;"Campione positivo riferito dall’autore; nessun elenco individuale. Non equivale a un esito negativo."
AG_OFFSETMULTIPLO;Offset multiplo;Modifica;Core;cti2:esegui-comando;PASS;Non identificato nel riscontro ricevuto;"Campione positivo riferito dall’autore; nessun elenco individuale. Non equivale a un esito negativo."
AG_STIRAMULTIPLO;Stira multiplo;Modifica;Core;cti2:esegui-comando;PASS;Non identificato nel riscontro ricevuto;"Campione positivo riferito dall’autore; nessun elenco individuale. Non equivale a un esito negativo."
AG_MODIFICAPOLILINEE;Modifica polilinee;Polilinee e allineamenti;Core;cti2:esegui-comando;PASS;Non identificato nel riscontro ricevuto;"Campione positivo riferito dall’autore; nessun elenco individuale. Non equivale a un esito negativo."
AG_TAGLIABLOCCO;Taglia su blocco;Blocchi e attributi;Core;cti2:esegui-comando;PASS;Non identificato nel riscontro ricevuto;"Campione positivo riferito dall’autore; nessun elenco individuale. Non equivale a un esito negativo."
AG_ESTENDIBLOCCO;Estendi su blocco;Blocchi e attributi;Core;cti2:esegui-comando;PASS;Non identificato nel riscontro ricevuto;"Campione positivo riferito dall’autore; nessun elenco individuale. Non equivale a un esito negativo."
AG_TAGLIAESTENDI;Taglia/estendi;Modifica;Core;cti2:esegui-comando;PASS;Non identificato nel riscontro ricevuto;"Campione positivo riferito dall’autore; nessun elenco individuale. Non equivale a un esito negativo."
AG_RIASSOCIAQUOTE;Ripristina quote;Misure e quote;Core;cti2:esegui-comando;PASS;Non identificato nel riscontro ricevuto;"Campione positivo riferito dall’autore; nessun elenco individuale. Non equivale a un esito negativo."
AG_SCALATESTOCARTA;Scala testo carta;Testo;Core;cti2:esegui-comando;PASS;Non identificato nel riscontro ricevuto;"Campione positivo riferito dall’autore; nessun elenco individuale. Non equivale a un esito negativo."
AG_MASCHERATESTO;Maschera testo;Testo;Core;cti2:esegui-comando;PASS;Non identificato nel riscontro ricevuto;"Campione positivo riferito dall’autore; nessun elenco individuale. Non equivale a un esito negativo."
AG_SMASCHERATESTO;Rimuovi maschera;Testo;Core;cti2:esegui-comando;PASS;Non identificato nel riscontro ricevuto;"Campione positivo riferito dall’autore; nessun elenco individuale. Non equivale a un esito negativo."
AG_TESTOREMOTO;Testo remoto;Testo;Core;cti2:esegui-comando;PASS;Non identificato nel riscontro ricevuto;"Campione positivo riferito dall’autore; nessun elenco individuale. Non equivale a un esito negativo."
AG_MODIFICATESTOREMOTO;Modifica testo remoto;Testo;Core;cti2:esegui-comando;PASS;Non identificato nel riscontro ricevuto;"Campione positivo riferito dall’autore; nessun elenco individuale. Non equivale a un esito negativo."
AG_APPTESTOREMOTO;Editor testo remoto;Testo;Core;cti2:esegui-comando;PASS;Non identificato nel riscontro ricevuto;"Campione positivo riferito dall’autore; nessun elenco individuale. Non equivale a un esito negativo."
AG_SEPARATESTI;Trova sovrapposizioni;Testo;Core;cti2:esegui-comando;PASS;Non identificato nel riscontro ricevuto;"Campione positivo riferito dall’autore; nessun elenco individuale. Non equivale a un esito negativo."
AG_ALLINEASPAZI;Allinea spazi;Layout e stampa;Core;cti2:esegui-comando;PASS;Non identificato nel riscontro ricevuto;"Campione positivo riferito dall’autore; nessun elenco individuale. Non equivale a un esito negativo."
AG_SINCRONIZZAVISTE;Sincronizza viste;Layout e stampa;Core;cti2:esegui-comando;PASS;Non identificato nel riscontro ricevuto;"Campione positivo riferito dall’autore; nessun elenco individuale. Non equivale a un esito negativo."
AG_SCALABLOCCOCARTA;Scala blocco carta;Blocchi e attributi;Core;cti2:esegui-comando;PASS;Non identificato nel riscontro ricevuto;"Campione positivo riferito dall’autore; nessun elenco individuale. Non equivale a un esito negativo."
AG_GESTISCIIMMAGINI;Editor immagini;Immagini;Core;cti2:esegui-comando;PASS;Non identificato nel riscontro ricevuto;"Campione positivo riferito dall’autore; nessun elenco individuale. Non equivale a un esito negativo."
AG_MODIFICAIMMAGINE;Modifica immagine;Immagini;Core;cti2:esegui-comando;PASS;Non identificato nel riscontro ricevuto;"Campione positivo riferito dall’autore; nessun elenco individuale. Non equivale a un esito negativo."
AG_SOVRAPPONIIMMAGINI;Sovrapposizione immagini;Immagini;Core;cti2:esegui-comando;PASS;Non identificato nel riscontro ricevuto;"Campione positivo riferito dall’autore; nessun elenco individuale. Non equivale a un esito negativo."
AG_REINDIRIZZA;Reindirizza percorsi;File e sistema;Core;cti2:esegui-comando;PASS;Non identificato nel riscontro ricevuto;"Campione positivo riferito dall’autore; nessun elenco individuale. Non equivale a un esito negativo."
AG_MODALITAREINDIRIZZA;Modalità reindirizza;File e sistema;Core;cti2:esegui-comando;PASS;Non identificato nel riscontro ricevuto;"Campione positivo riferito dall’autore; nessun elenco individuale. Non equivale a un esito negativo."
AG_UNISCILAYOUT;Unisci layout;Layout e stampa;Core;cti2:esegui-comando;PASS;Non identificato nel riscontro ricevuto;"Campione positivo riferito dall’autore; nessun elenco individuale. Non equivale a un esito negativo."
AG_VARIABILIASCRIPT;Variabili in script;File e sistema;Core;cti2:esegui-comando;PASS;Non identificato nel riscontro ricevuto;"Campione positivo riferito dall’autore; nessun elenco individuale. Non equivale a un esito negativo."
AG_AGGIUNGIVARSCRIPT;Aggiungi variabili;File e sistema;Core;cti2:esegui-comando;PASS;Non identificato nel riscontro ricevuto;"Campione positivo riferito dall’autore; nessun elenco individuale. Non equivale a un esito negativo."
AG_MODIFICAALIAS;Modifica alias;File e sistema;Core;cti2:esegui-comando;PASS;Non identificato nel riscontro ricevuto;"Campione positivo riferito dall’autore; nessun elenco individuale. Non equivale a un esito negativo."
AG_ESPORTAATTRIBUTI;Esporta attributi;Dati e scambio;Core;cti2:esegui-comando;PASS;Non identificato nel riscontro ricevuto;"Campione positivo riferito dall’autore; nessun elenco individuale. Non equivale a un esito negativo."
AG_IMPORTAATTRIBUTI;Importa attributi;Dati e scambio;Core;cti2:esegui-comando;PASS;Non identificato nel riscontro ricevuto;"Campione positivo riferito dall’autore; nessun elenco individuale. Non equivale a un esito negativo."
AG_LOGDISEGNO;Log disegno;File e sistema;Core;cti2:esegui-comando;PASS;Non identificato nel riscontro ricevuto;"Campione positivo riferito dall’autore; nessun elenco individuale. Non equivale a un esito negativo."
AG_DIAGNOSTICACAD;Diagnostica CAD;File e sistema;Core;cti2:esegui-comando;PASS;Non identificato nel riscontro ricevuto;"Campione positivo riferito dall’autore; nessun elenco individuale. Non equivale a un esito negativo."
AG_UTILITALISP;Utilità LISP;File e sistema;Core;cti2:esegui-comando;PASS;Non identificato nel riscontro ricevuto;"Campione positivo riferito dall’autore; nessun elenco individuale. Non equivale a un esito negativo."
AG_ESPORTALISP;Esporta LISP;File e sistema;Core;cti2:esegui-comando;PASS;Non identificato nel riscontro ricevuto;"Campione positivo riferito dall’autore; nessun elenco individuale. Non equivale a un esito negativo."
AG_SUPERFICIELISP;Esplora LISP;File e sistema;Core;cti2:esegui-comando;PASS;Non identificato nel riscontro ricevuto;"Campione positivo riferito dall’autore; nessun elenco individuale. Non equivale a un esito negativo."
AG_SPOSTABAK;Sposta BAK;File e sistema;Core;cti2:esegui-comando;PASS;Non identificato nel riscontro ricevuto;"Campione positivo riferito dall’autore; nessun elenco individuale. Non equivale a un esito negativo."
AG_PLOT2DWG;Importa HPGL;File e sistema;Core;cti2:esegui-comando;PASS;Non identificato nel riscontro ricevuto;"Campione positivo riferito dall’autore; nessun elenco individuale. Non equivale a un esito negativo."
AG_CHIUDIVELOCE;Chiudi veloce;File e sistema;Core;cti2:esegui-comando;PASS;Non identificato nel riscontro ricevuto;"Campione positivo riferito dall’autore; nessun elenco individuale. Non equivale a un esito negativo."
AG_RIPRISTINADISEGNO;Ripristina disegno;File e sistema;Core;cti2:esegui-comando;PASS;Non identificato nel riscontro ricevuto;"Campione positivo riferito dall’autore; nessun elenco individuale. Non equivale a un esito negativo."
AG_AIUTOSTRUMENTI;Guida strumenti;Guida e supporto;Core;cti2:esegui-comando;PASS;Non identificato nel riscontro ricevuto;"Campione positivo riferito dall’autore; nessun elenco individuale. Non equivale a un esito negativo."
AG_UCS_POSTERIORE;UCS posteriore;UCS e viste;Core;cti2:esegui-comando;PASS;Non identificato nel riscontro ricevuto;"Campione positivo riferito dall’autore; nessun elenco individuale. Non equivale a un esito negativo."
AG_UCS_INFERIORE;UCS inferiore;UCS e viste;Core;cti2:esegui-comando;PASS;Non identificato nel riscontro ricevuto;"Campione positivo riferito dall’autore; nessun elenco individuale. Non equivale a un esito negativo."
AG_UCS_ANTERIORE;UCS anteriore;UCS e viste;Core;cti2:esegui-comando;PASS;Non identificato nel riscontro ricevuto;"Campione positivo riferito dall’autore; nessun elenco individuale. Non equivale a un esito negativo."
AG_UCS_SINISTRA;UCS sinistra;UCS e viste;Core;cti2:esegui-comando;PASS;Non identificato nel riscontro ricevuto;"Campione positivo riferito dall’autore; nessun elenco individuale. Non equivale a un esito negativo."
AG_UCS_DESTRA;UCS destra;UCS e viste;Core;cti2:esegui-comando;PASS;Non identificato nel riscontro ricevuto;"Campione positivo riferito dall’autore; nessun elenco individuale. Non equivale a un esito negativo."
AG_UCS_SUPERIORE;UCS superiore;UCS e viste;Core;cti2:esegui-comando;PASS;Non identificato nel riscontro ricevuto;"Campione positivo riferito dall’autore; nessun elenco individuale. Non equivale a un esito negativo."
AG_LINEAINTERUZIONE;Linea interruzione;Disegno e architettura;Core;cti2:esegui-comando;PASS;Non identificato nel riscontro ricevuto;"Campione positivo riferito dall’autore; nessun elenco individuale. Non equivale a un esito negativo."
AG_RITAGLIAOGGETTI;Ritaglia oggetti;Modifica;Core;cti2:esegui-comando;PASS;Non identificato nel riscontro ricevuto;"Campione positivo riferito dall’autore; nessun elenco individuale. Non equivale a un esito negativo."
AG_ESCLUDIINCROCIO;Escludi incrocio;Controllo e selezione;Core;cti2:esegui-comando;PASS;Non identificato nel riscontro ricevuto;"Campione positivo riferito dall’autore; nessun elenco individuale. Non equivale a un esito negativo."
AG_ESCLUDIPOLIGONOINCROCIO;Escludi poligono incrocio;Controllo e selezione;Core;cti2:esegui-comando;PASS;Non identificato nel riscontro ricevuto;"Campione positivo riferito dall’autore; nessun elenco individuale. Non equivale a un esito negativo."
AG_ESCLUDILINEA;Escludi linea;Controllo e selezione;Core;cti2:esegui-comando;PASS;Non identificato nel riscontro ricevuto;"Campione positivo riferito dall’autore; nessun elenco individuale. Non equivale a un esito negativo."
AG_ESCLUDIPRECEDENTE;Escludi precedente;Controllo e selezione;Core;cti2:esegui-comando;PASS;Non identificato nel riscontro ricevuto;"Campione positivo riferito dall’autore; nessun elenco individuale. Non equivale a un esito negativo."
AG_PIANODILAVORO;Piano di lavoro;UCS e viste;Core;cti2:esegui-comando;PASS;Non identificato nel riscontro ricevuto;"Campione positivo riferito dall’autore; nessun elenco individuale. Non equivale a un esito negativo."
AG_TAGLIAESTESO;Taglia esteso;Modifica;Core;cti2:esegui-comando;PASS;Non identificato nel riscontro ricevuto;"Campione positivo riferito dall’autore; nessun elenco individuale. Non equivale a un esito negativo."
AG_ESCLUDIFINESTRA;Escludi finestra;Controllo e selezione;Core;cti2:esegui-comando;PASS;Non identificato nel riscontro ricevuto;"Campione positivo riferito dall’autore; nessun elenco individuale. Non equivale a un esito negativo."
AG_ESCLUDIPOLIGONOFINESTRA;Escludi poligono finestra;Controllo e selezione;Core;cti2:esegui-comando;PASS;Non identificato nel riscontro ricevuto;"Campione positivo riferito dall’autore; nessun elenco individuale. Non equivale a un esito negativo."
AG_APPIATTISCI;Appiattisci;3D ed elevazioni;Core;cti2:esegui-comando;PASS;Non identificato nel riscontro ricevuto;"Campione positivo riferito dall’autore; nessun elenco individuale. Non equivale a un esito negativo."
AG_CREATIPOLINEA;Crea tipo linea;Disegno e architettura;Core;cti2:esegui-comando;PASS;Non identificato nel riscontro ricevuto;"Campione positivo riferito dall’autore; nessun elenco individuale. Non equivale a un esito negativo."
AG_CREAFORMA;Crea forma;Disegno e architettura;Core;cti2:esegui-comando;PASS;Non identificato nel riscontro ricevuto;"Campione positivo riferito dall’autore; nessun elenco individuale. Non equivale a un esito negativo."
AG_RUOTAUCS;Ruota UCS;UCS e viste;Core;cti2:esegui-comando;PASS;Non identificato nel riscontro ricevuto;"Campione positivo riferito dall’autore; nessun elenco individuale. Non equivale a un esito negativo."
AG_FORMAINBLOCCO;Forma in blocco;Blocchi e attributi;Core;cti2:esegui-comando;PASS;Non identificato nel riscontro ricevuto;"Campione positivo riferito dall’autore; nessun elenco individuale. Non equivale a un esito negativo."
AG_RETINOAVANZATO;Retino avanzato;Disegno e architettura;Core;cti2:esegui-comando;PASS;Non identificato nel riscontro ricevuto;"Campione positivo riferito dall’autore; nessun elenco individuale. Non equivale a un esito negativo."
AG_ESPLODITESTO;Esplodi testo;Testo;Core;cti2:esegui-comando;PASS;Non identificato nel riscontro ricevuto;"Campione positivo riferito dall’autore; nessun elenco individuale. Non equivale a un esito negativo."
AG_SPEZZAINCROCI;Spezza alle intersezioni;Polilinee e allineamenti;Web;cti2:esegui-comando;PASS;Non identificato nel riscontro ricevuto;"Campione positivo riferito dall’autore; nessun elenco individuale. Non equivale a un esito negativo."
AG_TABELLA_VERTICI;Tabella vertici;Rilievo e coordinate;Web;cti2:esegui-comando;PASS;Non identificato nel riscontro ricevuto;"Campione positivo riferito dall’autore; nessun elenco individuale. Non equivale a un esito negativo."
AG_ESPORTA_VERTICI_CSV;Esporta vertici CSV;Rilievo e coordinate;Web;cti2:esegui-comando;PASS;Non identificato nel riscontro ricevuto;"Campione positivo riferito dall’autore; nessun elenco individuale. Non equivale a un esito negativo."
AG_NUMERA_VERTICI;Numera vertici;Rilievo e coordinate;Web;cti2:esegui-comando;PASS;Non identificato nel riscontro ricevuto;"Campione positivo riferito dall’autore; nessun elenco individuale. Non equivale a un esito negativo."
AG_INTERSEZIONI;Trova intersezioni;Controllo e selezione;Web;cti2:esegui-comando;PASS;Non identificato nel riscontro ricevuto;"Campione positivo riferito dall’autore; nessun elenco individuale. Non equivale a un esito negativo."
AG_POLILINEE_APERTE;Polilinee aperte;Controllo e selezione;Web;cti2:esegui-comando;PASS;Non identificato nel riscontro ricevuto;"Campione positivo riferito dall’autore; nessun elenco individuale. Non equivale a un esito negativo."
AG_RIDUCI_VERTICI;Riduci vertici;Polilinee e allineamenti;Web;cti2:esegui-comando;PASS;Non identificato nel riscontro ricevuto;"Campione positivo riferito dall’autore; nessun elenco individuale. Non equivale a un esito negativo."
AG_BLOCCHI_SU_NODI;Blocchi sui nodi;Blocchi e attributi;Web;cti2:esegui-comando;PASS;Non identificato nel riscontro ricevuto;"Campione positivo riferito dall’autore; nessun elenco individuale. Non equivale a un esito negativo."
AG_PREFISSO_SUFFISSO;Prefisso / suffisso;Testo;Web;cti2:esegui-comando;PASS;Non identificato nel riscontro ricevuto;"Campione positivo riferito dall’autore; nessun elenco individuale. Non equivale a un esito negativo."
AG_CONTROLLA_NUMERAZIONE;Controlla numerazione;Testo;Web;cti2:esegui-comando;PASS;Non identificato nel riscontro ricevuto;"Campione positivo riferito dall’autore; nessun elenco individuale. Non equivale a un esito negativo."
AG_COPIA_SU_LAYOUT;Copia su tutti i layout;Layout e stampa;Web;cti2:esegui-comando;PASS;Non identificato nel riscontro ricevuto;"Campione positivo riferito dall’autore; nessun elenco individuale. Non equivale a un esito negativo."
AG_CSV_IN_TABELLA;CSV in tabella;Dati e scambio;Web;cti2:esegui-comando;PASS;Non identificato nel riscontro ricevuto;"Campione positivo riferito dall’autore; nessun elenco individuale. Non equivale a un esito negativo."
AG_OFFSET_QUOTA;Sposta quota Z;Rilievo e coordinate;Web;cti2:esegui-comando;PASS;Non identificato nel riscontro ricevuto;"Campione positivo riferito dall’autore; nessun elenco individuale. Non equivale a un esito negativo."
AG_PUNTI_CODIFICATI_CSV;Punti codificati in CSV;Rilievo e coordinate;Web;cti2:esegui-comando;PASS;Non identificato nel riscontro ricevuto;"Campione positivo riferito dall’autore; nessun elenco individuale. Non equivale a un esito negativo."
AG_DISTANZA_SU_POLILINEA;Distanza su polilinea;Misure e quote;Web;cti2:esegui-comando;PASS;Non identificato nel riscontro ricevuto;"Campione positivo riferito dall’autore; nessun elenco individuale. Non equivale a un esito negativo."
AG_INTERPOLA_QUOTE_PASSO;Interpola quote a passo;Rilievo e coordinate;Web;cti2:esegui-comando;PASS;Non identificato nel riscontro ricevuto;"Campione positivo riferito dall’autore; nessun elenco individuale. Non equivale a un esito negativo."
AG_INTERPOLA_QUOTE_NUMERO;Interpola quote per numero;Rilievo e coordinate;Web;cti2:esegui-comando;PASS;Non identificato nel riscontro ricevuto;"Campione positivo riferito dall’autore; nessun elenco individuale. Non equivale a un esito negativo."
AG_GRIGLIA_COORDINATE;Griglia coordinate;Rilievo e coordinate;Web;cti2:esegui-comando;PASS;Non identificato nel riscontro ricevuto;"Campione positivo riferito dall’autore; nessun elenco individuale. Non equivale a un esito negativo."
AG_QUOTA_INTERMEDIA;Quota intermedia;Rilievo e coordinate;Web;cti2:esegui-comando;PASS;Non identificato nel riscontro ricevuto;"Campione positivo riferito dall’autore; nessun elenco individuale. Non equivale a un esito negativo."
AG_AREE_MULTIPLE;Somma aree;Misure e quote;Web;cti2:esegui-comando;PASS;Non identificato nel riscontro ricevuto;"Campione positivo riferito dall’autore; nessun elenco individuale. Non equivale a un esito negativo."
AG_AREA_MULTIUNITA;Area in più unità;Misure e quote;Web;cti2:esegui-comando;PASS;Non identificato nel riscontro ricevuto;"Campione positivo riferito dall’autore; nessun elenco individuale. Non equivale a un esito negativo."
AG_PICCHETTAMENTO_PILASTRI;Picchettamento pilastri;Rilievo e coordinate;Web;cti2:esegui-comando;PASS;Non identificato nel riscontro ricevuto;"Campione positivo riferito dall’autore; nessun elenco individuale. Non equivale a un esito negativo."
AG_LINEA_PENDENZA;Linea di pendenza;Rilievo e coordinate;Web;cti2:esegui-comando;PASS;Non identificato nel riscontro ricevuto;"Campione positivo riferito dall’autore; nessun elenco individuale. Non equivale a un esito negativo."
AG_TESTO_SU_GRIGLIA;Testo sulla griglia;Rilievo e coordinate;Web;cti2:esegui-comando;PASS;Non identificato nel riscontro ricevuto;"Campione positivo riferito dall’autore; nessun elenco individuale. Non equivale a un esito negativo."
AG_VERTICI_SU_ALLINEAMENTO;Vertici sull'allineamento;Polilinee e allineamenti;Web;cti2:esegui-comando;PASS;Non identificato nel riscontro ricevuto;"Campione positivo riferito dall’autore; nessun elenco individuale. Non equivale a un esito negativo."
AG_BLOCCHI_SU_ALLINEAMENTO;Blocchi sull'allineamento;Polilinee e allineamenti;Web;cti2:esegui-comando;PASS;Non identificato nel riscontro ricevuto;"Campione positivo riferito dall’autore; nessun elenco individuale. Non equivale a un esito negativo."
AG_DETTAGLI_CURVE;Dettagli delle curve;Polilinee e allineamenti;Web;cti2:esegui-comando;PASS;Non identificato nel riscontro ricevuto;"Campione positivo riferito dall’autore; nessun elenco individuale. Non equivale a un esito negativo."
AG_TAGLIA_ALLINEAMENTO_PROGRESSIVE;Taglia per progressive;Polilinee e allineamenti;Web;cti2:esegui-comando;PASS;Non identificato nel riscontro ricevuto;"Campione positivo riferito dall’autore; nessun elenco individuale. Non equivale a un esito negativo."
AG_PROGRESSIVE_ALLINEAMENTO;Marca progressive;Polilinee e allineamenti;Web;cti2:esegui-comando;PASS;Non identificato nel riscontro ricevuto;"Campione positivo riferito dall’autore; nessun elenco individuale. Non equivale a un esito negativo."
AG_VERTICI_ALLINEAMENTO;Vertici dell'allineamento;Polilinee e allineamenti;Web;cti2:esegui-comando;PASS;Non identificato nel riscontro ricevuto;"Campione positivo riferito dall’autore; nessun elenco individuale. Non equivale a un esito negativo."
AG_POLILINEA_DA_TESTI;Polilinea dai testi;Polilinee e allineamenti;Web;cti2:esegui-comando;PASS;Non identificato nel riscontro ricevuto;"Campione positivo riferito dall’autore; nessun elenco individuale. Non equivale a un esito negativo."
AG_LUNGHEZZE_PER_LAYER;Lunghezze per layer;Misure e quote;Web;cti2:esegui-comando;PASS;Non identificato nel riscontro ricevuto;"Campione positivo riferito dall’autore; nessun elenco individuale. Non equivale a un esito negativo."
AG_FACCIA3D_IN_POLILINEA;Faccia 3D in polilinea;3D ed elevazioni;Web;cti2:esegui-comando;PASS;Non identificato nel riscontro ricevuto;"Campione positivo riferito dall’autore; nessun elenco individuale. Non equivale a un esito negativo."
AG_POLILINEA_LISCIA_IN_SEGMENTI;Curva in segmenti;Polilinee e allineamenti;Web;cti2:esegui-comando;PASS;Non identificato nel riscontro ricevuto;"Campione positivo riferito dall’autore; nessun elenco individuale. Non equivale a un esito negativo."
AG_ASSE_TRA_BORDI;Asse fra due bordi;Polilinee e allineamenti;Web;cti2:esegui-comando;PASS;Non identificato nel riscontro ricevuto;"Campione positivo riferito dall’autore; nessun elenco individuale. Non equivale a un esito negativo."
AG_AGGIUNGI_VERTICI;Aggiungi vertici;Polilinee e allineamenti;Web;cti2:esegui-comando;PASS;Non identificato nel riscontro ricevuto;"Campione positivo riferito dall’autore; nessun elenco individuale. Non equivale a un esito negativo."
AG_QUOTA_SEGMENTI;Quota segmenti;Misure e quote;Web;cti2:esegui-comando;PASS;Non identificato nel riscontro ricevuto;"Campione positivo riferito dall’autore; nessun elenco individuale. Non equivale a un esito negativo."
AG_INTERSEZIONI_PER_LAYER;Intersezioni per layer;Controllo e selezione;Web;cti2:esegui-comando;PASS;Non identificato nel riscontro ricevuto;"Campione positivo riferito dall’autore; nessun elenco individuale. Non equivale a un esito negativo."
AG_ANGOLI_POLILINEA;Angoli della polilinea;Misure e quote;Web;cti2:esegui-comando;PASS;Non identificato nel riscontro ricevuto;"Campione positivo riferito dall’autore; nessun elenco individuale. Non equivale a un esito negativo."
AG_OFFSET_DOPPIO;Offset sui due lati;Modifica;Web;cti2:esegui-comando;PASS;Non identificato nel riscontro ricevuto;"Campione positivo riferito dall’autore; nessun elenco individuale. Non equivale a un esito negativo."
AG_CONTROLLO_POLIGONI;Controlla poligoni;Controllo e selezione;Web;cti2:esegui-comando;PASS;Non identificato nel riscontro ricevuto;"Campione positivo riferito dall’autore; nessun elenco individuale. Non equivale a un esito negativo."
AG_TESTO_SU_POLILINEA;Testo sulla polilinea;Testo;Web;cti2:esegui-comando;PASS;Non identificato nel riscontro ricevuto;"Campione positivo riferito dall’autore; nessun elenco individuale. Non equivale a un esito negativo."
AG_POLILINEE_CORTE;Polilinee corte;Controllo e selezione;Web;cti2:esegui-comando;PASS;Non identificato nel riscontro ricevuto;"Campione positivo riferito dall’autore; nessun elenco individuale. Non equivale a un esito negativo."
AG_RETTANGOLO_3P;Rettangolo per tre punti;Disegno e architettura;Web;cti2:esegui-comando;PASS;Non identificato nel riscontro ricevuto;"Campione positivo riferito dall’autore; nessun elenco individuale. Non equivale a un esito negativo."
AG_3DFACE_IN_STL;Facce 3D in STL;3D ed elevazioni;Web;cti2:esegui-comando;PASS;Non identificato nel riscontro ricevuto;"Campione positivo riferito dall’autore; nessun elenco individuale. Non equivale a un esito negativo."
AG_INTERPOLA_Z_VERTICI;Interpola Z dei vertici;3D ed elevazioni;Web;cti2:esegui-comando;PASS;Non identificato nel riscontro ricevuto;"Campione positivo riferito dall’autore; nessun elenco individuale. Non equivale a un esito negativo."
AG_ETICHETTA_Z_VERTICI;Etichetta Z dei vertici;3D ed elevazioni;Web;cti2:esegui-comando;PASS;Non identificato nel riscontro ricevuto;"Campione positivo riferito dall’autore; nessun elenco individuale. Non equivale a un esito negativo."
AG_TESTO_DA_QUOTA_Z;Testo dalla quota Z;3D ed elevazioni;Web;cti2:esegui-comando;PASS;Non identificato nel riscontro ricevuto;"Campione positivo riferito dall’autore; nessun elenco individuale. Non equivale a un esito negativo."
AG_OFFSET_Z_VERTICI;Sposta Z dei vertici;3D ed elevazioni;Web;cti2:esegui-comando;PASS;Non identificato nel riscontro ricevuto;"Campione positivo riferito dall’autore; nessun elenco individuale. Non equivale a un esito negativo."
AG_QUOTE_DA_POLILINEA3D;Quote da polilinea 3D;3D ed elevazioni;Web;cti2:esegui-comando;PASS;Non identificato nel riscontro ricevuto;"Campione positivo riferito dall’autore; nessun elenco individuale. Non equivale a un esito negativo."
AG_BLOCCO_A_QUOTA_TESTO;Blocco alla quota del testo;Blocchi e attributi;Web;cti2:esegui-comando;PASS;Non identificato nel riscontro ricevuto;"Campione positivo riferito dall’autore; nessun elenco individuale. Non equivale a un esito negativo."
AG_BLOCCHI_SU_MEZZERIE;Blocchi sulle mezzerie;Blocchi e attributi;Web;cti2:esegui-comando;PASS;Non identificato nel riscontro ricevuto;"Campione positivo riferito dall’autore; nessun elenco individuale. Non equivale a un esito negativo."
AG_BLOCCHI_SU_TESTI;Blocchi sui testi;Blocchi e attributi;Web;cti2:esegui-comando;PASS;Non identificato nel riscontro ricevuto;"Campione positivo riferito dall’autore; nessun elenco individuale. Non equivale a un esito negativo."
AG_BLOCCHI_SU_VERTICI;Blocchi sui vertici;Blocchi e attributi;Web;cti2:esegui-comando;PASS;Non identificato nel riscontro ricevuto;"Campione positivo riferito dall’autore; nessun elenco individuale. Non equivale a un esito negativo."
AG_RUOTA_BLOCCHI_2P;Ruota blocchi per due punti;Blocchi e attributi;Web;cti2:esegui-comando;PASS;Non identificato nel riscontro ricevuto;"Campione positivo riferito dall’autore; nessun elenco individuale. Non equivale a un esito negativo."
AG_ATTRIBUTI_IN_TESTO;Attributi in testo;Blocchi e attributi;Web;cti2:esegui-comando;PASS;Non identificato nel riscontro ricevuto;"Campione positivo riferito dall’autore; nessun elenco individuale. Non equivale a un esito negativo."
AG_ALLINEA_TESTO_RIFERIMENTO;Allinea testo al riferimento;Testo;Web;cti2:esegui-comando;PASS;Non identificato nel riscontro ricevuto;"Campione positivo riferito dall’autore; nessun elenco individuale. Non equivale a un esito negativo."
AG_DECIMALI_TESTO;Decimali del testo;Testo;Web;cti2:esegui-comando;PASS;Non identificato nel riscontro ricevuto;"Campione positivo riferito dall’autore; nessun elenco individuale. Non equivale a un esito negativo."
AG_MTEXT_IN_TESTO;Testo multilinea in testo;Testo;Web;cti2:esegui-comando;PASS;Non identificato nel riscontro ricevuto;"Campione positivo riferito dall’autore; nessun elenco individuale. Non equivale a un esito negativo."
AG_COPIA_CONTENUTO_TESTO;Copia contenuto testo;Testo;Web;cti2:esegui-comando;PASS;Non identificato nel riscontro ricevuto;"Campione positivo riferito dall’autore; nessun elenco individuale. Non equivale a un esito negativo."
AG_ESPORTA_TESTI_XYZ;Esporta testi e coordinate;Dati e scambio;Web;cti2:esegui-comando;PASS;Non identificato nel riscontro ricevuto;"Campione positivo riferito dall’autore; nessun elenco individuale. Non equivale a un esito negativo."
AG_TESTI_SOVRAPPOSTI;Testi sovrapposti;Controllo e selezione;Web;cti2:esegui-comando;PASS;Non identificato nel riscontro ricevuto;"Campione positivo riferito dall’autore; nessun elenco individuale. Non equivale a un esito negativo."
AG_DIFFERENZA_TESTI_SOVRAPPOSTI;Differenza fra testi sovrapposti;Controllo e selezione;Web;cti2:esegui-comando;PASS;Non identificato nel riscontro ricevuto;"Campione positivo riferito dall’autore; nessun elenco individuale. Non equivale a un esito negativo."
AG_MINMAX_NEL_CONTORNO;Minimo e massimo nel contorno;Dati e scambio;Web;cti2:esegui-comando;PASS;Non identificato nel riscontro ricevuto;"Campione positivo riferito dall’autore; nessun elenco individuale. Non equivale a un esito negativo."
AG_IMPORTA_PUNTI_TESTO;Importa punti e testi;Dati e scambio;Web;cti2:esegui-comando;PASS;Non identificato nel riscontro ricevuto;"Campione positivo riferito dall’autore; nessun elenco individuale. Non equivale a un esito negativo."
AG_SCAMBIA_TESTI;Scambia testi;Testo;Web;cti2:esegui-comando;PASS;Non identificato nel riscontro ricevuto;"Campione positivo riferito dall’autore; nessun elenco individuale. Non equivale a un esito negativo."
AG_RUOTA_TESTO_2P;Ruota testo per due punti;Testo;Web;cti2:esegui-comando;PASS;Non identificato nel riscontro ricevuto;"Campione positivo riferito dall’autore; nessun elenco individuale. Non equivale a un esito negativo."
AG_RUOTA_TESTO_LAYOUT;Ruota testo per il layout;Testo;Web;cti2:esegui-comando;PASS;Non identificato nel riscontro ricevuto;"Campione positivo riferito dall’autore; nessun elenco individuale. Non equivale a un esito negativo."
AG_ARROTONDA_TESTI;Arrotonda testi numerici;Testo;Web;cti2:esegui-comando;PASS;Non identificato nel riscontro ricevuto;"Campione positivo riferito dall’autore; nessun elenco individuale. Non equivale a un esito negativo."
AG_CERCA_TESTI;Cerca testi;Testo;Web;cti2:esegui-comando;PASS;Non identificato nel riscontro ricevuto;"Campione positivo riferito dall’autore; nessun elenco individuale. Non equivale a un esito negativo."
AG_TESTI_PER_ALTEZZA;Testi per altezza;Testo;Web;cti2:esegui-comando;PASS;Non identificato nel riscontro ricevuto;"Campione positivo riferito dall’autore; nessun elenco individuale. Non equivale a un esito negativo."
AG_TESTO_SU_NODO;Testo sul nodo;Testo;Web;cti2:esegui-comando;PASS;Non identificato nel riscontro ricevuto;"Campione positivo riferito dall’autore; nessun elenco individuale. Non equivale a un esito negativo."
AG_ARCO_IN_SEGMENTI;Arco in segmenti;Polilinee e allineamenti;Web;cti2:esegui-comando;PASS;Non identificato nel riscontro ricevuto;"Campione positivo riferito dall’autore; nessun elenco individuale. Non equivale a un esito negativo."
AG_CALCOLA_TESTI_NUMERICI;Calcola testi numerici;Testo;Web;cti2:esegui-comando;PASS;Non identificato nel riscontro ricevuto;"Campione positivo riferito dall’autore; nessun elenco individuale. Non equivale a un esito negativo."
AG_CANCELLA_DENTRO;Cancella dentro il contorno;Modifica;Web;cti2:esegui-comando;PASS;Non identificato nel riscontro ricevuto;"Campione positivo riferito dall’autore; nessun elenco individuale. Non equivale a un esito negativo."
AG_MANTIENI_DENTRO;Mantieni dentro il contorno;Modifica;Web;cti2:esegui-comando;PASS;Non identificato nel riscontro ricevuto;"Campione positivo riferito dall’autore; nessun elenco individuale. Non equivale a un esito negativo."
AG_BLOCCA_VALORE_QUOTA;Blocca valore della quota;Misure e quote;Web;cti2:esegui-comando;PASS;Non identificato nel riscontro ricevuto;"Campione positivo riferito dall’autore; nessun elenco individuale. Non equivale a un esito negativo."
AG_INSERISCI_DWG_CARTELLA;Inserisci DWG dalla cartella;File e sistema;Web;cti2:esegui-comando;PASS;Non identificato nel riscontro ricevuto;"Campione positivo riferito dall’autore; nessun elenco individuale. Non equivale a un esito negativo."
AG_VERTICE_IMMAGINARIO_ARCO;Vertice immaginario dell'arco;Polilinee e allineamenti;Web;cti2:esegui-comando;PASS;Non identificato nel riscontro ricevuto;"Campione positivo riferito dall’autore; nessun elenco individuale. Non equivale a un esito negativo."
AG_SPOSTA_LAYER_CORRENTE;Porta sul layer corrente;Layer e proprietà;Web;cti2:esegui-comando;PASS;Non identificato nel riscontro ricevuto;"Campione positivo riferito dall’autore; nessun elenco individuale. Non equivale a un esito negativo."
AG_CREA_LAYER_RAPIDO;Crea layer rapido;Layer e proprietà;Web;cti2:esegui-comando;PASS;Non identificato nel riscontro ricevuto;"Campione positivo riferito dall’autore; nessun elenco individuale. Non equivale a un esito negativo."
AG_NORMALIZZA_ESTRUSIONE;Normalizza estrusione;3D ed elevazioni;Web;cti2:esegui-comando;PASS;Non identificato nel riscontro ricevuto;"Campione positivo riferito dall’autore; nessun elenco individuale. Non equivale a un esito negativo."
AG_SCALA_LINEE_CENTRO;Scala linee dal centro;Modifica;Web;cti2:esegui-comando;PASS;Non identificato nel riscontro ricevuto;"Campione positivo riferito dall’autore; nessun elenco individuale. Non equivale a un esito negativo."
AG_PLOTTA_QUOTE_DA_CSV;Quote da CSV;Rilievo e coordinate;Web;cti2:esegui-comando;PASS;Non identificato nel riscontro ricevuto;"Campione positivo riferito dall’autore; nessun elenco individuale. Non equivale a un esito negativo."
AG_QUOTA_AUTOMATICA;Quota automatica;Misure e quote;Web;cti2:esegui-comando;PASS;Non identificato nel riscontro ricevuto;"Campione positivo riferito dall’autore; nessun elenco individuale. Non equivale a un esito negativo."
AG_COPIA_POLIGONI_CHIUSI;Copia poligoni chiusi;Polilinee e allineamenti;Web;cti2:esegui-comando;PASS;Non identificato nel riscontro ricevuto;"Campione positivo riferito dall’autore; nessun elenco individuale. Non equivale a un esito negativo."
AG_DIVIDI_LUNGHEZZE;Dividi per lunghezze;Modifica;Web;cti2:esegui-comando;PASS;Non identificato nel riscontro ricevuto;"Campione positivo riferito dall’autore; nessun elenco individuale. Non equivale a un esito negativo."
AG_ESPORTA_DATI_LOTTI;Esporta dati dei lotti;Dati e scambio;Web;cti2:esegui-comando;PASS;Non identificato nel riscontro ricevuto;"Campione positivo riferito dall’autore; nessun elenco individuale. Non equivale a un esito negativo."
AG_GENERA_LOTTIZZAZIONE;Genera lottizzazione;Disegno e architettura;Web;cti2:esegui-comando;PASS;Non identificato nel riscontro ricevuto;"Campione positivo riferito dall’autore; nessun elenco individuale. Non equivale a un esito negativo."
AG_POLIGONO_DA_AREA;Poligono da area interna;Polilinee e allineamenti;Web;cti2:esegui-comando;PASS;Non identificato nel riscontro ricevuto;"Campione positivo riferito dall’autore; nessun elenco individuale. Non equivale a un esito negativo."
AG_DETTAGLI_LOTTO;Dettagli del lotto;Disegno e architettura;Web;cti2:esegui-comando;PASS;Non identificato nel riscontro ricevuto;"Campione positivo riferito dall’autore; nessun elenco individuale. Non equivale a un esito negativo."
AG_NUMERA_LOTTI;Numera lotti;Disegno e architettura;Web;cti2:esegui-comando;PASS;Non identificato nel riscontro ricevuto;"Campione positivo riferito dall’autore; nessun elenco individuale. Non equivale a un esito negativo."
AG_QUOTA_PORTA;Quota porta;Disegno e architettura;Web;cti2:esegui-comando;PASS;Non identificato nel riscontro ricevuto;"Campione positivo riferito dall’autore; nessun elenco individuale. Non equivale a un esito negativo."
AG_TROVA_TAG;Trova tag attributo;Blocchi e attributi;Web;cti2:esegui-comando;PASS;Non identificato nel riscontro ricevuto;"Campione positivo riferito dall’autore; nessun elenco individuale. Non equivale a un esito negativo."
AG_LEGENDA_LAYER;Legenda layer;Layer e proprietà;Web;cti2:esegui-comando;PASS;Non identificato nel riscontro ricevuto;"Campione positivo riferito dall’autore; nessun elenco individuale. Non equivale a un esito negativo."
AG_QUOTA_STANZA;Quota stanza;Disegno e architettura;Web;cti2:esegui-comando;PASS;Non identificato nel riscontro ricevuto;"Campione positivo riferito dall’autore; nessun elenco individuale. Non equivale a un esito negativo."
AG_SCALA_PER_RIFERIMENTO;Scala per riferimento;Modifica;Web;cti2:esegui-comando;PASS;Non identificato nel riscontro ricevuto;"Campione positivo riferito dall’autore; nessun elenco individuale. Non equivale a un esito negativo."
AG_SCALA_IMMAGINE_CONTORNO;Scala immagine sul contorno;Immagini;Web;cti2:esegui-comando;PASS;Non identificato nel riscontro ricevuto;"Campione positivo riferito dall’autore; nessun elenco individuale. Non equivale a un esito negativo."
AG_RUOTA_COME_RIFERIMENTO;Ruota come riferimento;Modifica;Web;cti2:esegui-comando;PASS;Non identificato nel riscontro ricevuto;"Campione positivo riferito dall’autore; nessun elenco individuale. Non equivale a un esito negativo."
AG_AGGIORNA_CARTIGLIO;Aggiorna cartiglio;Layout e stampa;Web;cti2:esegui-comando;PASS;Non identificato nel riscontro ricevuto;"Campione positivo riferito dall’autore; nessun elenco individuale. Non equivale a un esito negativo."
AG_SOSTITUISCI_CON_MODELLO;Sostituisci con modello;Modifica;Personale;cti2:esegui-comando;PASS;Non identificato nel riscontro ricevuto;"Campione positivo riferito dall’autore; nessun elenco individuale. Non equivale a un esito negativo."
AG_MURO_STRATIGRAFICO;Muro stratigrafico;Disegno e architettura;Personale;cti2:esegui-comando;PASS;Non identificato nel riscontro ricevuto;"Campione positivo riferito dall’autore; nessun elenco individuale. Non equivale a un esito negativo."
AG_UNISCI_INTERSEZIONE;Unisci all'intersezione;Polilinee e allineamenti;Personale;cti2:esegui-comando;PASS;Non identificato nel riscontro ricevuto;"Campione positivo riferito dall’autore; nessun elenco individuale. Non equivale a un esito negativo."
AG_ALLINEA_TESTI;Allinea testi;Testo;Personale;cti2:esegui-comando;PASS;Non identificato nel riscontro ricevuto;"Campione positivo riferito dall’autore; nessun elenco individuale. Non equivale a un esito negativo."
AG_ELIMINA_QUOTE_TRATTEGGI;Elimina quote e tratteggi;Misure e quote;Personale;cti2:esegui-comando;PASS;Non identificato nel riscontro ricevuto;"Campione positivo riferito dall’autore; nessun elenco individuale. Non equivale a un esito negativo."
